post_id,post_date,is_published,email_sent_at,inbox_sent_at,type,audience,title,subtitle,podcast_url
179118105.people-moves-17-30-november-2025,,false,,,newsletter,only_paid,,,
179058923.people-moves-1-16-november-2025,2025-11-16T17:02:26.296Z,true,2025-11-16T17:02:26.452Z,2025-11-16T17:02:26.452Z,newsletter,only_paid,People Moves: 1-16 November 2025,"ICYMI - Balmain announces Antonin Tron as new Creative Director, Hermès appoints Anne-Sarah Panhard to lead Perfume and Beauty Division and i-D Magazine appoints Clare Byrne Global as Fashion Director",
178204646.people-moves-06112025,2025-11-06T19:02:48.745Z,true,2025-11-06T19:02:48.981Z,2025-11-06T19:02:48.981Z,newsletter,only_paid,People Moves: 06/11/2025,ICYMI - Chancerygate appoints Nikolay Velev to lead European expansion and HBR offer a Primer on Health-informed AI by Shaolei Ren and Adam Wierman,
178007468.news-and-insights-04112025,2025-11-04T18:23:35.806Z,true,2025-11-04T18:23:36.070Z,2025-11-04T18:23:36.070Z,newsletter,only_paid,News & Insights: 04/11/2025,ICYMI - Catch up on regular real estate and energy sector coverage from the likes of CBRE and Shakespeare Martineau.,
177913169.people-moves-03112025,2025-11-03T18:45:52.802Z,true,2025-11-03T18:45:53.219Z,2025-11-03T18:45:53.219Z,newsletter,only_paid,People Moves: 03/11/2025,ICYMI - Will Davies appointed as Co-Head of PBSA Valuations at Savills,
165639231.news-and-insights-10062025,2025-06-10T16:32:11.235Z,true,2025-06-10T16:32:11.379Z,2025-06-10T16:32:11.379Z,newsletter,only_paid,News & Insights: 10/06/2025,"ICYMI - First schools install Great British Energy solar panels, Becky Wood appointed as Chief Executive Officer of NISTA, and Asia Pacific continues its dominance on the global investment stage,",
165258953.news-and-insights-05062025,2025-06-05T11:18:48.190Z,true,2025-06-05T11:18:48.273Z,2025-06-05T11:18:48.273Z,newsletter,only_paid,News & Insights: 05/06/2025,"ICYMI - Antin Infrastructure COO Mélanie Biessy appointed as Interim CFO in board reshuffle, Sean Yajnik joins Macquarie Capital from TD Securities, and Colliers seals the deal with Astris Finance",
164719093.people-moves-29052025,2025-05-29T12:42:09.944Z,true,2025-05-29T12:42:10.040Z,2025-05-29T12:42:10.040Z,newsletter,only_paid,People Moves: 29/05/2025,"ICYMI - Catella appoints new CEO in European management reshuffle, New Filipino officer-in-charge appointed at DoE, and Delin Property appoints Nick Martin as Chief Financial Officer",
164637708.news-and-insights-28052025,2025-05-28T12:02:24.529Z,true,2025-05-28T12:02:24.637Z,2025-05-28T12:02:24.637Z,newsletter,only_paid,News & Insights: 28/05/2025,"ICYMI - Gcore welcomes Prof. Dr. Feiyu Xu, as a Board advisor in its Hydrogen and Gas leadership team; and Savills is appointed to market landmark residential development opportunity in Edinburgh",
164551429.news-and-insights-27052025,2025-05-27T11:47:51.205Z,true,2025-05-27T11:47:51.340Z,2025-05-27T11:47:51.340Z,newsletter,only_paid,News & Insights: 27/05/2025,"Capital targets Asia Pacific hospitality as sector evolves - Colliers report, and oil and gas industry veteran Alain Mizelle joins Record Resources as technical expert",
164225604.news-and-insights-23052025,2025-05-23T09:23:51.542Z,true,2025-05-23T09:23:51.627Z,2025-05-23T09:23:51.627Z,newsletter,only_paid,News & Insights: 23/05/2025,"ICYMI - A look back at UKREIIF 2025, Barings completes sale of four UK Logistics Assets, and Andrea Palmer is appointed as Chief Executive Officer of The CRREM Foundation",
164069179.people-moves-21052025,2025-05-21T09:32:38.727Z,true,2025-05-21T09:32:38.799Z,2025-05-21T09:32:38.799Z,newsletter,only_paid,People Moves: 21/05/2025,ICYMI - Provident Data Centers appoints Dr. Denitza Arguirova as a Director in Data Center Development,
163898948.people-moves-19052025,2025-05-19T06:19:23.662Z,true,2025-05-19T06:19:23.763Z,2025-05-19T06:19:23.763Z,newsletter,only_paid,People Moves: 19/05/2025,ICYMI - JP Morgan Asset Management appoints Chad Tredway as Global Head of Real Estate,
158907922.people-moves-12032025,2025-03-12T11:00:21.546Z,true,2025-03-12T11:00:21.650Z,2025-03-12T11:00:21.650Z,newsletter,only_paid,People Moves: 12/03/2025,"Arrow Global Group appoints Enrico Sanna as Chief Executive Officer, Platforms, Sterling and Wilson Renewable Energy appoints new Chief Financial Officer",
158755644.news-and-insights-10032025,2025-03-10T09:01:27.870Z,true,2025-03-10T09:01:27.999Z,2025-03-10T09:01:27.999Z,newsletter,only_paid,News & Insights: 10/03/2025,"ICYMI - Ravi Anand of PIMCO joins Wellington Management as Head of Private Real Estate, IPUT Real Estate announces a €230 million commitment for its sustainable Logistics Sub Fund, and PGIM are hiring",
158507000.people-moves-06032025,2025-03-06T11:46:51.550Z,true,2025-03-06T11:46:51.663Z,2025-03-06T11:46:51.663Z,newsletter,everyone,People Moves: 06/03/2025,"Balfour Beatty Plc appoints Phillip Hoare as CEO, Wellington Management appoints Ravi Anand; expands private investing capabilities with formation of a Private Real Estate Credit Platform",
158425691.people-moves-05032025,2025-03-05T16:01:48.895Z,true,2025-03-05T16:01:48.986Z,2025-03-05T16:01:48.986Z,newsletter,only_paid,People Moves: 05/03/2025,"Balfour Beatty appoints Phillip Hoare as new CEO, M7 Real Estate appoints Marina Breda, and Saudi Aramco exploring initial bid for BP's Castrol unit",
158365745.news-and-insights-04032025,2025-03-04T13:59:41.634Z,true,2025-03-04T13:59:41.712Z,2025-03-04T13:59:41.712Z,newsletter,only_paid,News & Insights: 04/03/2025,"ICYMI - Ivanhoé Cambridge hires Forrest as MD for European Real Estate, Eversheds Sutherland appoints Marc van Beuge as Energy Lead and Barings forward funds £152mm Residential Scheme in Leeds",
158292740.people-moves-03032025,2025-03-03T18:20:47.494Z,true,2025-03-03T18:20:47.594Z,2025-03-03T18:20:47.594Z,newsletter,only_paid,People Moves: 03/03/2025,Octopus Investments launches Real Estate Debt Fund IV with £750m fund raising target and Eversheds Sutherland boosts its energy offering with new partner appointment,
158090908.news-and-insights-28022025,2025-02-28T11:47:12.189Z,true,2025-02-28T11:47:12.267Z,2025-02-28T11:47:12.267Z,newsletter,only_paid,News & Insights: 28/02/2025,"Register for Fitch BMI's data center investment event, Colliers swoops honours at Scottish Property Awards 2025, and IPCC issues warning as US omits itself from key climate talks in China",
158025440.news-and-insights-27022025,2025-02-27T11:01:25.127Z,true,2025-02-27T11:01:25.224Z,2025-02-27T11:01:25.224Z,newsletter,only_paid,News & Insights: 27/02/2025,DBS and SMF partner to decarbonise Singapore's manufacturing sector,
157946305.people-moves-26022025,2025-02-26T08:25:21.216Z,true,2025-02-26T08:25:21.302Z,2025-02-26T08:25:21.302Z,newsletter,only_paid,People Moves: 26/02/2025,"ICYMI - Digital Realty announces appointment of Paula Cogan as Managing Director & EMEA Head, Colliers appoints Felix von Saucken as Germany CEO, TLT adds third Partner, and Andy Porter joins UT Bank",
157791073.news-and-insights-24022025,2025-02-24T08:17:37.433Z,true,2025-02-24T08:17:37.494Z,2025-02-24T08:17:37.494Z,newsletter,only_paid,News & Insights: 24/02/2025,"ICYMI - KPMG's Energy Investment Outlook for 2025, Cuba Unveils New Solar Park in Bold Move to Combat Blackouts, and Saipem and Subsea7 merge in EUR 20 billion super deal supported by Eni, CDP Equity",
157591467.people-moves-21022025,2025-02-21T02:18:50.260Z,true,2025-02-21T02:18:50.350Z,2025-02-21T02:18:50.350Z,newsletter,only_paid,People Moves: 21/02/2025,"ICYMI - Boldyn Networks appoints Sara Dickinson as Group CFO, and GB Energy interim CEO appointed",
157478893.news-and-insights-20022025,2025-02-20T01:16:36.396Z,true,2025-02-20T01:16:36.521Z,2025-02-20T01:16:36.521Z,newsletter,only_paid,News & Insights: 20/02/2025,"ICYMI - Bill Ackman says his plans for Howard Hughes won't impact how his portfolios invest, and HMC Capital announces its results for the six months to 31 December",
157448115.people-moves-19022025,2025-02-19T09:04:47.465Z,true,2025-02-19T09:04:47.549Z,2025-02-19T09:04:47.549Z,newsletter,only_paid,People Moves: 19/02/2025,ICYMI - New appointments at LGIM Real Assets & Kearney as PRS REIT announces it has been approached by a potential acquirer,
157382779.people-moves-18022025,2025-02-18T12:23:34.936Z,true,2025-02-18T12:23:35.015Z,2025-02-18T12:23:35.015Z,newsletter,only_paid,People Moves: 18/02/2025,ICYMI - New appointments at LGIM Real Assets and Centuria Capital Group,
157309460.news-and-insights-17022025,2025-02-17T11:01:39.296Z,true,2025-02-17T11:01:39.399Z,2025-02-17T11:01:39.399Z,newsletter,only_paid,News & Insights: 17/02/2025,ICYMI - Keppel DC REIT to divest in German data centre asset for €50mm,
157126119.people-moves-14022025,2025-02-14T07:47:52.312Z,true,2025-02-14T07:47:52.419Z,2025-02-14T07:47:52.419Z,newsletter,only_paid,People Moves: 14/02/2025,ICYMI - New appointment at Cushman & Wakefield as Achmea Real Estate appoints Ward van de Braak as Transactions Director,
157047783.news-and-insights-13022025,2025-02-13T08:15:22.262Z,true,2025-02-13T08:15:22.346Z,2025-02-13T08:15:22.346Z,newsletter,only_paid,News & Insights: 13/02/2025,"ICYMI - Does $ACRE's earnings report drive a move towards data center investment? Mike McRoberts rejoins PGIM, and Savills appoints James Hiatt in Central London",
156987054.people-moves-12022025,2025-02-12T11:57:39.631Z,true,2025-02-12T11:57:39.710Z,2025-02-12T11:57:39.710Z,newsletter,only_paid,People Moves: 12/02/2025,ICYMI - New Infrastructure appointments at ECDC as BNP Paribas Real Estate appoints Valuations Director ,
156914015.people-moves-11022025,2025-02-11T11:42:14.033Z,true,2025-02-11T11:42:14.107Z,2025-02-11T11:42:14.107Z,newsletter,only_paid,People Moves: 11/02/2025,"ICYMI - New leadership and managerial appointments at Aquila Capital, CBRE and Johnson Controls",
156802113.people-moves-10022025,2025-02-10T11:32:14.348Z,true,2025-02-10T11:32:14.477Z,2025-02-10T11:32:14.477Z,newsletter,only_paid,People Moves: 10/02/2025,ICYMI - Afriland Properties Plc appoints Azubike Emodi to succeed Uzo Oshogwe as Managing Director/CEO,
156672383.people-moves-08022025,2025-02-08T00:33:14.395Z,true,2025-02-08T00:33:14.478Z,2025-02-08T00:33:14.478Z,newsletter,only_paid,People Moves: 08/02/2025,"ICYMI - DWS welcomes Sentinel's Scott Arden as Head of Americas, Brandon Kou joins Medbright AI as Director and finally, JLL's Chris Walters joins UK science-focused outfit, Pioneer Group",
156586424.people-moves-07022025,2025-02-07T07:36:15.683Z,true,2025-02-07T07:36:15.787Z,2025-02-07T07:36:15.787Z,newsletter,only_paid,People Moves: 07/02/2025,"ICYMI - CBRE appoints new Head of A&T Office Bulgaria, DLA Piper poaches Joe Conder as a Partner in its Real Estate practice, and D2 Asset Management adds David Brickman as President of Residential",
156547687.people-moves-06022025,2025-02-06T03:10:31.746Z,true,2025-02-06T03:10:31.860Z,2025-02-06T03:10:31.860Z,newsletter,only_paid,People Moves: 06/02/2025,"ICYMI - Ares Capital announces Kort Schnabel as CEO, and CBRE appoints Irvinder Goodhew as Managing Director for UK Sectors",
156514407.people-moves-05022025,2025-02-05T10:54:09.971Z,true,2025-02-05T10:54:10.055Z,2025-02-05T10:54:10.055Z,newsletter,only_paid,People Moves: 05/02/2025,"ICYMI - WINT.ai appoints real estate veteran Michael Colacino as Chairman of its Board of Directors, TLT appoints raft of new joiners, and Glenhawk launches new structured real estate division",
156438504.people-moves-04022025,2025-02-04T09:01:55.848Z,true,2025-02-04T09:01:55.934Z,2025-02-04T09:01:55.934Z,newsletter,only_paid,People Moves: 04/02/2025,"ICYMI - Guidehouse appoints Dan Hahn to spearhead its Communities, Energy & Infrastructure business, and KKR appoints Raj Agrawal as Global Head of Real Assets",
156372908.people-moves-03022025,2025-02-03T13:21:28.446Z,true,2025-02-03T13:21:28.567Z,2025-02-03T13:21:28.567Z,newsletter,only_paid,People Moves: 03/02/2025,ICYMI - Leadership reshuffle at New York Life Real Estate Investors following Mark Talgo's retirement as O&G industry veteran Paul Goodfellow appointed to the role of President and CEO at Talos Energy,
156290763.news-and-insights-02022025,2025-02-02T10:54:26.224Z,true,2025-02-02T10:54:26.307Z,2025-02-02T10:54:26.307Z,newsletter,only_paid,News & Insights: 02/02/2025,"ICYMI - Nvidia records largest market cap loss in US history, new appointment at BNP Paribas Real Estate, as Chancellor Reeves calls for a controversial third runway at Heathrow ",
156152472.people-moves-31012025,2025-01-31T09:00:42.655Z,true,2025-01-31T09:00:42.731Z,2025-01-31T09:00:42.731Z,newsletter,only_paid,People Moves: 31/01/2025,ICYMI - Nuveen welcomes Harriet Steel as Global Head of Institutional Business and KKR names Morgan Stanley veteran as Senior Advisor for Real Estate,
155994515.people-moves-29012025,2025-01-29T08:18:57.309Z,true,2025-01-29T08:18:57.382Z,2025-01-29T08:18:57.382Z,newsletter,only_paid,People Moves: 29/01/2025,"ICYMI - Newly announced senior appointments at British Land, Kimco Realty and Grosvenor",
155904073.people-moves-28012025,2025-01-28T07:36:11.663Z,true,2025-01-28T07:36:11.826Z,2025-01-28T07:36:11.826Z,newsletter,only_paid,People Moves: 28/01/2025,"ICYMI - JLL expands with Energy Advisory and Sustainability practice, OMERS Infrastructure appoints Peter Gray as Leader of Americas, and Chair of Julius Baer Group Romeo Lacher to step aside",
155806564.people-moves-27012025,2025-01-27T06:40:12.704Z,true,2025-01-27T06:40:12.777Z,2025-01-27T06:40:12.777Z,newsletter,only_paid,People Moves: 27/01/2025,"ICYMI - Leadership reshuffles across Asia at UBS, Ethan Lebowitz appointed as COO to succeed Steven Plust, and two Partner appointments announced by Thrings' Real Estate team",
155688783.news-and-insights-25012025,2025-01-25T16:53:47.582Z,true,2025-01-25T16:53:47.690Z,2025-01-25T16:53:47.690Z,newsletter,everyone,News & Insights: 25/01/2025,"ICYMI - President von der Leyen launches Global Energy Transition Forum in Davos, New Real Estate vacancy at Northwest Fund in Alaska, and UK Development Consent decisions have been announced.",
155495050.people-moves-23012025,2025-01-23T11:03:38.841Z,true,2025-01-23T11:03:38.921Z,2025-01-23T11:03:38.921Z,newsletter,only_paid,People Moves: 23/01/2025,ICYMI - New appointments at Constellation Real Estate as Schroders Capital appoints Patel to lead on Infrastructure,
155425699.people-moves-22012025,2025-01-22T10:28:29.412Z,true,2025-01-22T10:28:29.491Z,2025-01-22T10:28:29.491Z,newsletter,only_paid,People Moves: 22/01/2025,ICYMI - NEWSTAR appoints Brian Harrison as Senior Vice President of Development,
155307570.people-moves-21012025,2025-01-21T04:31:00.458Z,true,2025-01-21T04:31:00.535Z,2025-01-21T04:31:00.535Z,newsletter,only_paid,People Moves: 21/01/2025,ICYMI - New appointments at Nido Living and Octopus Real Estate as Julie Moret leaves role at Northern Trust Asset Management,
155256663.people-moves-20012025,2025-01-20T16:18:11.379Z,true,2025-01-20T16:18:11.447Z,2025-01-20T16:18:11.447Z,newsletter,only_paid,People Moves: 20/01/2025,"ICYMI - JLL announces new additions to Data Centre leadership team with EMEA appointments, and KPMG appoints Andy Pyle as Global Head of Real Estate",
155170546.news-and-insights-19012025,2025-01-19T19:01:25.951Z,true,2025-01-19T19:01:26.091Z,2025-01-19T19:01:26.091Z,newsletter,everyone,News & Insights: 19/01/2025,"ICYMI - Aldar Properties closes $2.45bn sustainability-linked RCF, UAE & Uganda agree to build specialized eye-care hospital in Uganda, and where are over 10,800+ UK HNWIs leaving Britain for?",
155091690.people-moves-18012025,2025-01-18T13:00:11.032Z,true,2025-01-18T13:00:11.133Z,2025-01-18T13:00:11.133Z,newsletter,only_paid,People Moves: 18/01/2025,"ICYMI - Barings appoints Ian Mayhew as European Head of Real Estate Equity Asset Management, and Hines Europe appoints Staffan Unge as Head of Nordics",
154903080.people-moves-16012025,2025-01-16T04:48:49.683Z,true,2025-01-16T04:48:49.818Z,2025-01-16T04:48:49.818Z,newsletter,only_paid,People Moves: 16/01/2025,"ICYMI - Mary Craddock joins Greystar Europe as Managing Director of Portfolio Management, and BDT & MSD appoints Goldman Sachs' Greg Olafson as Co-Head of Global Credit",
154866748.people-moves-15012025,2025-01-15T04:00:19.276Z,true,2025-01-15T04:00:19.414Z,2025-01-15T04:00:19.414Z,newsletter,only_paid,People Moves: 15/01/2025,ICYMI - Schroders Capital appoints Peter Lowe as Head of UK Real Estate Investment,
154671722.people-moves-12012025,2025-01-12T17:51:59.379Z,true,2025-01-12T17:51:59.452Z,2025-01-12T17:51:59.452Z,newsletter,only_paid,People Moves: 12/01/2025,"ICYMI - Savills strengthens Sustainability Consultancy with two new hires, Larissa Belova joins US Real Estate team at UBS Asset Management, and Ronald S. Lauder announces retirement.",
151916231.people-moves-20112024,2024-11-20T10:35:07.500Z,true,2024-11-20T10:35:07.618Z,2024-11-20T10:35:07.618Z,newsletter,only_paid,People Moves: 20/11/2024,ICYMI - UK: Government to establish new market to trade private company shares and Royal Institution of Chartered Surveyors appoint RGU Visiting Professor,
145716240.people-moves-17062024,2024-06-17T08:46:09.489Z,true,2024-06-17T08:46:09.568Z,2024-06-17T08:46:09.568Z,newsletter,only_paid,People Moves: 17/06/2024,"ICYMI - Edmond de Rothschild appoints Ralf Kind as CEO Germany, and Aware Super appoints Mathieu Elshout as lead for European property strategy team in London",
145596745.people-moves-13062024,2024-06-13T07:39:38.523Z,true,2024-06-13T07:39:38.652Z,2024-06-13T07:39:38.652Z,newsletter,only_paid,People Moves: 13/06/2024,"ICYMI - JLL appoints Steve Jack as Energy & Infrastructure lead, Virtana appoints Paul Appleby as its new CEO, and Sheikh Hamdan appoints 22 Chief AI Officers across government entities in Dubai",
145086682.people-moves-29052024,2024-05-29T09:12:53.413Z,true,2024-05-29T09:12:53.490Z,2024-05-29T09:12:53.490Z,newsletter,only_paid,People Moves: 29/05/2024,ICYMI - Savills IM appoints Chief Sustainability Officer as DWS selects first APAC Real Estate Chief Investment Officer,
144829889.people-moves-21052024,2024-05-21T10:50:46.938Z,true,2024-05-21T10:50:47.044Z,2024-05-21T10:50:47.044Z,newsletter,only_paid,People Moves: 21/05/2024,"ICYMI - Afreximbank grants $30m for Silversands Hotel expansion, and BII appoints Daniel Hanna, Global Head of Sustainable Finance at Barclays, as new Non-Executive Director",
144795508.news-and-insights-20052024,2024-05-20T07:27:34.325Z,true,2024-05-20T07:27:34.390Z,2024-05-20T07:27:34.390Z,newsletter,only_paid,News & Insights: 20/05/2024,"ICYMI - Phoenix Group appoints Cecile Retaureau as new Head of Private Markets, and Digital Realty unveils Advanced High-Density Deployment Support for Liquid-to-Chip Cooling",
144769460.people-moves-19052024,2024-05-19T08:05:42.843Z,true,2024-05-19T08:05:42.976Z,2024-05-19T08:05:42.976Z,newsletter,only_paid,People Moves: 19/05/2024,"ICYMI - Knight Frank appoints Jackie Cheung, Europi Property Group appoints Ted Wachtmeister as Corporate Finance Director, Beauchamps appoints John Gaffney as new Partner in EU & Competition, and ESG",
144749055.news-and-insights-18052024,2024-05-18T12:54:50.190Z,true,2024-05-18T12:54:50.276Z,2024-05-18T12:54:50.276Z,newsletter,only_paid,News & Insights: 18/05/2024,"12,000 attendees anticipated for UKREiiF 2024, PGIM Real Estate acquires PBSA portfolio from Unite, Hollis appoints new CEO and Simon Carter acquires British Land shares",
144718775.people-moves-17052024,2024-05-17T11:08:36.192Z,true,2024-05-17T11:08:37.282Z,2024-05-17T11:08:37.282Z,newsletter,only_paid,People Moves: 17/05/2024,"ICYMI - BlackRock appoints Will Thomson to its expanding Climate Infrastructure team in New Zealand, and Savills announces the appointment of Rick Schuham as CEO, Global Occupier Services",
144678734.people-moves-16052024,2024-05-16T06:29:10.614Z,true,2024-05-16T06:29:10.680Z,2024-05-16T06:29:10.680Z,newsletter,only_paid,People Moves: 16/05/2024,"ICYMI - MET Group appoints Clive Turton, Downing Renewable Developments appoints Arto Hirvonen as Head of Finland, and Trowers appoints Ignatius Hwang to its new Singapore office",
144648135.people-moves-15052024,2024-05-15T06:35:07.296Z,true,2024-05-15T06:35:07.356Z,2024-05-15T06:35:07.356Z,newsletter,only_paid,People Moves: 15/05/2024,"ICYMI - Schneider Electric appoints Yasser Ahmed as Gulf Vice-President of Buildings, Knight Frank appoints Jackie Cheung Director of ESG for APAC and Singapore, Noel Travers joins RIA as Chairman",
144614554.people-moves-14052024,2024-05-14T09:21:49.508Z,true,2024-05-14T09:21:49.655Z,2024-05-14T09:21:49.655Z,newsletter,only_paid,People Moves: 14/05/2024,ICYMI - BlackRock appoints Will Thomson to its expanding Climate Infrastructure team in New Zealand and BNP Paribas hoists 'for sale' sign over estate agent Strutt & Parker,
144552194.news-and-insights-12052024,2024-05-12T11:08:49.770Z,true,2024-05-12T11:08:49.874Z,2024-05-12T11:08:49.874Z,newsletter,only_paid,News & Insights: 12/05/2024,"ICYMI - Stonal raises $22m, appoints Robin Rivaton as CEO, NGX lists N4.075 billion Infrastructure fund, and New Forests appoints Managing Director for Africa",
144465155.people-moves-10052024,2024-05-10T08:51:01.418Z,true,2024-05-10T08:51:01.501Z,2024-05-10T08:51:01.501Z,newsletter,only_paid,People Moves: 10/05/2024,"ICYMI - Aldermore appoints Lauren Pamma to build Energy and Infrastructure Division, Blackstone appoints Philip Sherrill, and Buro Happold poaches from Costain for infrastructure leadership position",
144390954.news-and-insights-07052024,2024-05-07T07:16:51.759Z,true,2024-05-07T07:16:51.831Z,2024-05-07T07:16:51.831Z,newsletter,only_paid,News & Insights: 07/05/2024,ICYMI - Shell Nigeria Gas Infrastructure Development signs $100m public-private gas construction agreement with Oyo State Government at a special event in London,
144265669.news-and-insights-03052024,2024-05-03T15:17:56.299Z,true,2024-05-03T15:17:56.408Z,2024-05-03T15:17:56.408Z,newsletter,only_paid,News & Insights: 03/05/2024,ICYMI - Fidelity raises €200m with second real estate climate impact fund,
144158805.people-moves-30042024,2024-04-30T07:19:11.982Z,true,2024-04-30T07:19:12.074Z,2024-04-30T07:19:12.074Z,newsletter,only_paid,People Moves: 30/04/2024,"ICYMI - Edmond de Rothschild appoints Dhananjai as CIO for REIM business, Barclays appoints Mike Figg as Head of Social Housing, and Herbert Smith Freehills announces new London Real Estate Partner",
144126737.people-moves-29042024,2024-04-29T13:18:01.273Z,true,2024-04-29T13:18:01.369Z,2024-04-29T13:18:01.369Z,newsletter,only_paid,People Moves: 29/04/2024,ICYMI - Digital Realty appoints Susan Swanezy to its Board of Directors,
144090877.news-and-insights-28042024,2024-04-28T08:25:06.404Z,true,2024-04-28T08:25:06.475Z,2024-04-28T08:25:06.475Z,newsletter,only_paid,News & Insights: 28/04/2024,"ICYMI - AfDB President appoints Special Envoy for Middle East and North Africa (MENA) and Gulf Region, Amiantit’s profits up 23,672% YoY in Q1-24, and Forum in Riyadh to delve on key global challenges",
143978972.people-moves-25042024,2024-04-25T07:44:30.601Z,true,2024-04-25T07:44:30.716Z,2024-04-25T07:44:30.716Z,newsletter,only_paid,People Moves: 25/04/2024,"ICYMI - Commerz Real A.G. appoints Henn to assume the position of Global Head of Green Deal Infrastructure, Colliers CEE appoints new ESG Chief, and Greg Minson joins ICG Real Estate as Global Head",
143933069.people-moves-24042024,2024-04-24T07:33:33.594Z,true,2024-04-24T07:33:33.650Z,2024-04-24T07:33:33.650Z,newsletter,only_paid,People Moves: 24/04/2024,"ICYMI - CTP Germany appoints Alexander Hund as new Managing Director, and Shearman & Sterling appoints Carolyn Stoner as new Real Estate Partner in New York",
143895425.people-moves-23042024,2024-04-23T17:18:17.263Z,true,2024-04-23T17:18:17.367Z,2024-04-23T17:18:17.367Z,newsletter,only_paid,People Moves: 23/04/2024,"ICYMI - Storegga appoints Tim Stedman to succeed Nick Cooper as CEO, Cushman & Wakefield promotes Mark Hingston as Managing Director, Asset Services, and PGIM announces senior Middle East appointment",
143514793.news-and-insights-12042024,2024-04-12T10:36:41.386Z,true,2024-04-12T10:36:41.586Z,2024-04-12T10:36:41.586Z,newsletter,only_paid,News & Insights: 12/04/2024,"ICYMI - AfDB President to co-chair Clean Cooking in Africa Summit, Preqin launches ESG fund performance benchmarks, and M&G appoints Alex Banzic; Begins redevelopment of £250m West End asset",
143441403.news-and-insights-10042024,2024-04-10T09:22:24.247Z,true,2024-04-10T09:22:24.299Z,2024-04-10T09:22:24.299Z,newsletter,only_paid,News & Insights: 10/04/2024,"ICYMI - Landsec secures planning permission for latest net zero development in the City of London at New Street Square, EC4 and LGIM appoints Miriam Uebel to Deputy Head of Europe, Institutional",
143407339.people-moves-09042024,2024-04-09T07:10:07.849Z,true,2024-04-09T07:10:07.973Z,2024-04-09T07:10:07.973Z,newsletter,only_paid,People Moves: 09/04/2024,Strutt & Parker appoints Kraig Butler as Head of Residential Sales in Gerrards Cross and Ivo de Wit is appointed as Managing Director of Real Estate Investment at Goldman Sachs,
143377662.people-moves-08042024,2024-04-08T08:22:43.634Z,true,2024-04-08T08:22:43.832Z,2024-04-08T08:22:43.832Z,newsletter,only_paid,People Moves: 08/04/2024,"ICYMI - Cushman & Wakefield appoints Jessica Francisco as its first Chief Sustainability Officer, and Savills Italia appoints Raffaella Colacicco as Co-Head Property Management Retail",
135765611.people-moves-06082023,2023-08-06T10:43:04.963Z,true,2023-08-06T10:43:05.053Z,2023-08-06T10:43:05.053Z,newsletter,only_paid,People Moves: 06/08/2023,"ICYMI - Pretium brings on Mubadala Exec to head International Real Estate, and Cushman & Wakefield promotes Dominic Bouvet to Regional Managing Partner for London & South East",
135715837.people-moves-04082023,2023-08-04T14:25:18.032Z,true,2023-08-04T14:25:18.134Z,2023-08-04T14:25:18.134Z,newsletter,only_paid,People Moves: 04/08/2023,"ICYMI - OMERS appoints Michael Hill as Global Head of Infrastructure, Manulife Investment Management makes three new appointments across its Real Estate business and Lotus appoints Schwartz as IR Lead",
135540439.people-moves-29072023,2023-07-29T09:23:30.154Z,true,2023-07-29T09:23:30.252Z,2023-07-29T09:23:30.252Z,newsletter,only_paid,People Moves: 29/07/2023,"ICYMI - CBRE Investment Management appoints Catriona Buckley as Senior Director, Client Solutions; and Cushman & Wakefield promotes Kyle Youngson to Director in Charge - Gold Coast",
135402231.people-moves-24072023,2023-07-24T14:05:43.970Z,true,2023-07-24T14:05:44.147Z,2023-07-24T14:05:44.147Z,newsletter,only_paid,People Moves: 24/07/2023,"New executive appointments at BlackRock, Colliers Korea and Cushman & Wakefield (in CEE and the Gold Coast).",
132777480.people-moves-03072023,2023-07-03T14:50:05.312Z,true,2023-07-03T14:50:05.404Z,2023-07-03T14:50:05.404Z,newsletter,only_paid,People Moves: 03/07/2023,ICYMI - IBR Group International spoke extensively with Passivhaus Architect and Chartered Engineer Christian Dimbleby; AXA IM Alts appoints Laurent Lavergne as Global Head of Sustainability,
126442736.news-and-insights-06062023,2023-06-06T17:02:43.532Z,true,2023-06-06T17:02:43.625Z,2023-06-06T17:02:43.625Z,newsletter,only_paid,News & Insights: 06/06/2023,"ICYMI - Cushman & Wakefield appoints Mika Kania as Director, Sustainability & ESG, Asia Pacific and ALD Automotive and LeasePlan confirm the successful completion of M&A process",
125802863.people-moves-04062023,2023-06-03T21:18:21.859Z,true,2023-06-03T21:18:22.040Z,2023-06-03T21:18:22.040Z,newsletter,only_paid,People Moves: 03/06/2023,ICYMI - Stonepeak appoints Michael Leitner from BlackRock as Senior Managing Director and EQT appoints Francesco Starace as Partner within its Infrastructure Advisory Team,
124340288.people-moves-28052023,2023-05-28T10:28:30.860Z,true,2023-05-28T10:28:31.014Z,2023-05-28T10:28:31.014Z,newsletter,only_paid,People Moves: 28/05/2023,"ICYMI - Abu Dhabi Investment Authority appoints Head of Americas for Real Estate, KREST appoints Julia Butler as Chief Investment Officer and 819 bed PBSA scheme in Bristol forward sold to KKR",
122354578.people-moves-19052023,2023-05-19T00:08:21.768Z,true,2023-05-19T00:08:21.836Z,2023-05-19T00:08:21.836Z,newsletter,only_paid,People Moves: 19/05/2023,"ICYMI - New leadership appointments at L&G Capital, Abrdn, CBRE Switzerland and Climate Asset Management",
120777957.people-moves-11052023,2023-05-11T16:49:12.981Z,true,2023-05-11T16:49:13.182Z,2023-05-11T16:49:13.182Z,newsletter,only_paid,People Moves: 11/05/2023,"ICYMI - Barclays appoints experienced real estate CFO to lead Equity Capital Markets for EMEA, Inframark appoints Steve Meininger as Chief Executive Officer, and Cushman & Wakefield appoints new CEO",
119243512.news-and-insights-04052023,2023-05-04T11:29:34.099Z,true,2023-05-04T11:29:34.185Z,2023-05-04T11:29:34.185Z,newsletter,only_paid,News & Insights: 04/05/2023,"Ramboll appoints Head of Sustainability for Middle East, Cushman & Wakefield appoints two new National Directors to boost Asset Management Capabilities, and A Bird's Eye View of APAC's CRE Debt Market",
118773605.people-moves-02052023,2023-05-02T11:39:05.951Z,true,2023-05-02T11:39:06.076Z,2023-05-02T11:39:06.076Z,newsletter,only_paid,People Moves: 02/05/2023,"ICYMI - Schneider Electric appoints Javed Ahmad as Senior Vice President of Global Supply Chain North America, and Digital Realty appoints Steve Smith as Managing Director, Head of Americas",
117381088.people-moves-26042023,2023-04-26T11:32:01.354Z,true,2023-04-26T11:32:01.567Z,2023-04-26T11:32:01.567Z,newsletter,only_paid,People Moves: 26/04/2023,"Cushman & Wakefield WA completes 2 exciting new hires in WA Industrial team and JLL promotes Fraser Blackwood to Director of Planning, Energy & Infrastructure",
116909676.news-and-insights-24042023,2023-04-24T10:17:42.403Z,true,2023-04-24T10:17:42.461Z,2023-04-24T10:17:42.461Z,newsletter,only_paid,News & Insights: 24/04/2023,"ICYMI - IBR Group International spoke extensively with Oxford's Daniel Armanios, Professor of Major Programme Management, and AXA IM appoints Victoria Hall as Head of Infrastructure Funds in London",
116093913.people-moves-20042023,2023-04-20T16:00:09.469Z,true,2023-04-20T16:00:09.540Z,2023-04-20T16:00:09.540Z,newsletter,only_paid,People Moves: 20/04/2023,"ICYMI - Colliers New Zealand appoints Gareth Fraser as Chief Executive and Mark Synnott as Executive Chairman, CBRE publishes Asia Pacific Data Centre Trends Research Report for H2 2022",
115718251.people-moves-18042023,2023-04-18T22:52:51.959Z,true,2023-04-18T22:52:52.036Z,2023-04-18T22:52:52.036Z,newsletter,only_paid,People Moves: 18/04/2023,ICYMI - M&G Real Estate welcomes Robin Hubbard as Global Head of Real Estate Investor Relations from Schroders and Trei appoints Ivonne Mundil as new Head of Sustainability & ESG,
115206466.people-moves-16042023,2023-04-16T16:42:54.367Z,true,2023-04-16T16:42:54.448Z,2023-04-16T16:42:54.448Z,newsletter,only_paid,People Moves: 16/04/2023,"CBRE announces the appointment of Flint Davidson as its new Head of Capital Markets in Pacific, Essar Oil appoints Mike Mackay as Chief Transformation Officer, and GreenLab, Inc. appoints new COO",
114763453.people-moves-14042023,2023-04-14T11:54:11.014Z,true,2023-04-14T11:54:11.078Z,2023-04-14T11:54:11.078Z,newsletter,only_paid,People Moves: 14/04/2023,"Cushman & Wakefield’s WA Capital Markets team makes new appointment, Aris Water Solutions appoints Jacinto Hernandez to its Board, and Corvias appoints Erin Murphy as Property Operations RVP",
114543331.news-and-insights-13042023,2023-04-13T13:13:10.340Z,true,2023-04-13T13:13:10.435Z,2023-04-13T13:13:10.435Z,newsletter,only_paid,News & Insights: 13/04/2023,UKAA BTR Expo 2023 content sessions announced with conversations focused on Better Build to Rent Business and UK Residential ESG and Sustainability Conference 2023 to take place next month,
112579978.people-moves-04042023,2023-04-04T07:17:33.565Z,true,2023-04-04T07:17:33.670Z,2023-04-04T07:17:33.670Z,newsletter,only_paid,People Moves: 04/04/2023,"New senior management and board appointments across energy and infrastructure sector business lines at JLL, Mohr Partners, Aimco, Europcar and Cortland",
109416640.people-moves-19032023,2023-03-19T17:16:01.589Z,true,2023-03-19T17:16:01.737Z,2023-03-19T17:16:01.737Z,newsletter,only_paid,People Moves: 19/03/2023,"ICYMI - Imperative welcomes Nigel Topping to Global Advisory Board, and Schneider Electric appoints Mark Yeeles as VP of its Secure Power division in the United Kingdom & Ireland",
108528115.people-moves-15032023,2023-03-15T08:00:22.780Z,true,2023-03-15T08:00:22.864Z,2023-03-15T08:00:22.864Z,newsletter,only_paid,People Moves: 15/03/2023,"ICYMI - New global Energy & Infrastructure sector executive appointments welcomed at Colt Data Services, Macquarie Capital and Cushman & Wakefield",
107940225.people-moves-12032023,2023-03-12T08:16:12.704Z,true,2023-03-12T08:16:12.801Z,2023-03-12T08:16:12.801Z,newsletter,only_paid,People Moves: 12/03/2023,"ICYMI - KPMG UK appoints Philip Shields as Head of Real Estate Corporate Finance, and UK Govt announces £42 million to support the delivery of building safety reforms",
107352898.people-moves-09032023,2023-03-09T08:45:56.597Z,true,2023-03-09T08:45:56.685Z,2023-03-09T08:45:56.685Z,newsletter,only_paid,People Moves: 09/03/2023,"ICYMI - LaSalle appoints new Chief Executive Officer for Japan, and KPMG UK appoints Philip Shields as Head of Real Estate Corporate Finance",
107197689.news-and-insights-08032023,2023-03-08T14:34:27.129Z,true,2023-03-08T14:34:27.209Z,2023-03-08T14:34:27.209Z,newsletter,only_paid,News & Insights: 08/03/2023,"ICYMI - Cushman & Wakefield’s Women’s Integrated Network celebrates 500+ members, Landsea Homes announces location of new corporate headquarters, and Gilly Cooper joins Colt DCS as VP of HR",
106591176.news-and-insights-05032023,2023-03-05T13:13:26.658Z,true,2023-03-05T13:13:26.741Z,2023-03-05T13:13:26.741Z,newsletter,only_paid,News & Insights: 05/03/2023,"ICYMI - H.I.G. Capital appoints Colin Hannaway from Houlihan Lokey as Managing Director in New York, and Essex Property Trust to present at the 2023 Citigroup Global Property CEO Conference",
106246105.people-moves-03032023,2023-03-03T18:01:22.621Z,true,2023-03-03T18:01:22.730Z,2023-03-03T18:01:22.730Z,newsletter,only_paid,People Moves: 03/03/2023,"ICYMI - Keltbray appoints Aisling Reynolds as Group Environmental Manager, and Schneider Electric names new Chief Executive Officer for its AutoGrid business line",
105981645.news-and-insights-02032023,2023-03-02T11:25:40.820Z,true,2023-03-02T11:25:40.908Z,2023-03-02T11:25:40.908Z,newsletter,only_paid,News & Insights: 02/03/2023,"ICYMI - Colliers is named as Top three commercial real estate brand, DBS Bank officially launches Dhaka representative office, and Cushman & Wakefield welcomes new NSW Industrial Brokerage team",
105846652.news-and-insights-01032023,2023-03-01T17:28:48.217Z,true,2023-03-01T17:28:49.448Z,2023-03-01T17:28:49.448Z,newsletter,only_paid,News & Insights: 01/03/2023,"ICYMI - Bloom Energy signs MoU with Chantiers de l'Atlantique for fuel cell installations, and Heelstone Renewable Energy closes its USD $175 million credit facility with BlackRock Alternatives",
105625767.people-moves-28022023,2023-02-28T17:00:34.210Z,true,2023-02-28T17:00:34.377Z,2023-02-28T17:00:34.377Z,newsletter,only_paid,People Moves: 28/02/2023,ICYMI - Robert Bernard joins CBRE as Chief Sustainability Officer and Perch Energy appoints former Etsy CEO Maria Thomas to Board of Directors,
105446621.people-moves-27022023,2023-02-27T18:40:46.878Z,true,2023-02-27T18:40:47.036Z,2023-02-27T18:40:47.036Z,newsletter,only_paid,People Moves: 27/02/2023,"ICYMI - Pantheon appoints Jonathan Lulu as Managing Director of growing Real Estate platform in Chicago, and Landsea Homes welcomes two new Sales and Marketing appointments in Florida",
105205753.news-and-insights-26022023,2023-02-26T13:30:22.050Z,true,2023-02-26T13:30:22.112Z,2023-02-26T13:30:22.112Z,newsletter,only_paid,News & Insights: 26/02/2023,"ICYMI - UK Government announces new rules on Social Housing qualifications, and proposes overhaul of NSIP planning process",
104849759.news-and-insights-24022023,2023-02-24T14:02:18.731Z,true,2023-02-24T14:02:18.900Z,2023-02-24T14:02:18.900Z,newsletter,only_paid,News & Insights: 24/02/2023,"ICYMI - IBR Group International spoke with Irene Loucaides, the Managing Director of Grow Sustainability Consultancy, for an exclusive Top Voices in Sustainability industry interview",
104414810.people-moves-22022023,2023-02-22T10:00:31.033Z,true,2023-02-22T10:00:31.137Z,2023-02-22T10:00:31.137Z,newsletter,only_paid,People Moves: 22/02/2023,"ICYMI - Ault Alliance appoints Jay Looney as Chief Executive Officer of its wholly-owned subsidiary AC Management, Inc., and Cushman & Wakefield appoints National Director in Western Australia",
104221649.people-moves-21022023,2023-02-21T11:45:21.541Z,true,2023-02-21T11:45:21.648Z,2023-02-21T11:45:21.648Z,newsletter,only_paid,People Moves: 21/02/2023,"ICYMI - WSP USA appoints Kung Ven as Energy business leader, and Hive Energy appoints Mike O'Neil as Chief Executive Officer of its renewable energy business line, Hive Renewables",
104027003.news-and-insights-20022023,2023-02-20T12:43:49.822Z,true,2023-02-20T12:43:49.918Z,2023-02-20T12:43:49.918Z,newsletter,only_paid,News & Insights: 20/02/2023,"ICYMI - Antin Infrastructure invests in PearlX, which marks the first investment in North America for Antin’s NextGen platform and is positioned to play a key role in US decarbonisation initiatives",
103853411.news-and-insights-19022023,2023-02-19T13:42:44.209Z,true,2023-02-19T13:42:44.296Z,2023-02-19T13:42:44.296Z,newsletter,only_paid,News & Insights: 19/02/2023,ICYMI - JP Morgan's Chuka Umunna speaks on ESG; Centrick welcomes BTR Director; and new energy and infrastructure appointment at Black & Veatch who reposition Deepa Poduval as Sustainability Leader,
103252838.people-moves-16022023,2023-02-16T12:15:58.443Z,true,2023-02-16T12:15:58.520Z,2023-02-16T12:15:58.520Z,newsletter,only_paid,People Moves: 16/02/2023,"ICYMI - New energy & infrastructure promotions and appointments at Shearman & Sterling, Cushman & Wakefield, QIC, and ECL.",
103070556.people-moves-15022023,2023-02-15T15:15:17.717Z,true,2023-02-15T15:15:17.790Z,2023-02-15T15:15:17.790Z,newsletter,only_paid,People Moves: 15/02/2023,"ICYMI - Bernhard's Philip Catanzaro succeeds Jim Sabin as Chief Operating Officer after retirement announcement, and Centrick appoints Neelam Saihjpal as Build-to-Rent Director",
102834492.people-moves-14092023,2023-02-14T12:21:21.069Z,true,2023-02-14T12:21:21.167Z,2023-02-14T12:21:21.167Z,newsletter,only_paid,People Moves: 14/02/2023,"Amey appoints Lord Colin Moynihan as Chair of its Board, UKAA announces newly appointed Marketing and Communications Director, and DBS names new Chief Sustainability Officer",
102623061.people-moves-13022023,2023-02-13T12:03:33.631Z,true,2023-02-13T12:03:34.003Z,2023-02-13T12:03:34.003Z,newsletter,only_paid,People Moves: 13/02/2023,"DBS makes several internal appointments across South-East Asia, Arup appoints seven new Directors within its Energy business, and Bruton Knowles appoints new Head of Utilities & Infrastructure",
102051417.people-moves-10022023,2023-02-10T11:28:54.401Z,true,2023-02-10T11:28:54.519Z,2023-02-10T11:28:54.519Z,newsletter,only_paid,People Moves: 10/02/2023,"ICYMI - New senior team appointed for Cushman & Wakefield, Standard Chartered appoints Shelley Boland as Global Head of Property, and RPA appoints Siemens’ Anthony Casciano to Board of Directors",
101874665.news-and-insights-09022023,2023-02-09T16:05:52.245Z,true,2023-02-09T16:05:52.333Z,2023-02-09T16:05:52.333Z,newsletter,only_paid,News & Insights: 09/02/2023,"ICYMI - KKR's McVey publishes his labour market insights, DBS Bank partners with PBOC in landmark programme, and new report finds ESG reporting frameworks in infrastructure sector remain fractured",
101580793.news-and-insights-08022023,2023-02-08T11:28:05.019Z,true,2023-02-08T11:28:05.113Z,2023-02-08T11:28:05.113Z,newsletter,only_paid,News & Insights: 08/02/2023,"ICYMI - Prime Minister Rishi Sunak appoints Grant Shapps as Secretary of State for Energy in reshuffle, Heliogen's CEO Gross succeeded by its CFO Obiaya, and Hilltop poaches its new CIO from Nomura",
101396648.people-moves-07022023,2023-02-07T12:06:02.350Z,true,2023-02-07T12:06:02.467Z,2023-02-07T12:06:02.467Z,newsletter,only_paid,People Moves: 07/02/2023,"Carlyle Group welcomes former President of Goldman Sachs Harvey Schwartz as Chief Executive Officer, and Altus Power Inc. announces the appointment of Sophia Lee as Chief Sustainability Officer",
101191779.news-and-insights-06022023,2023-02-06T12:12:56.957Z,true,2023-02-06T12:12:58.993Z,2023-02-06T12:12:58.993Z,newsletter,only_paid,News & Insights: 06/02/2023,"ICYMI - Legal & General Group Plc announces retirement of long-serving CEO Sir Nigel Wilson, CBRE appoints new Capital Markets Head for China, and Barhale appoints new Regional Director for North East",
100985875.news-and-insights-05012023,2023-02-05T09:00:38.830Z,true,2023-02-05T09:00:38.882Z,2023-02-05T09:00:38.882Z,newsletter,only_paid,News & Insights: 05/02/2023,"ICYMI - Ørsted announces Dr. Varun Sivaram as Group SVP, Terra Firma Capital appoints Mike Kirchmair to its Board, and CBRE's Chris Ludeman provides insight into the firm’s recent success",
100693594.news-and-insights-03022023,2023-02-03T17:58:52.786Z,true,2023-02-03T17:58:52.850Z,2023-02-03T17:58:52.850Z,newsletter,only_paid,News & Insights: 03/02/2023,"ICYMI - Vicinity Centres appoints Peter Huddle as Chief Executive Officer, Natural England unveils new Green Infrastructure Framework, and IFM Investors to acquire stake in US biogas developer",
100419315.people-moves-02022023,2023-02-02T11:32:52.774Z,true,2023-02-02T11:32:52.912Z,2023-02-02T11:32:52.912Z,newsletter,only_paid,People Moves: 02/02/2023,"British International Investment appoints Chris Chijiutomi as Managing Director, Head of Africa, and Alvarez & Marsal appoints Timo Schmid as Managing Director in Australia",
100144378.news-and-insights-01022023,2023-02-01T06:28:25.710Z,true,2023-02-01T06:28:27.641Z,2023-02-01T06:28:27.641Z,newsletter,only_paid,News & Insights: 01/02/2023,"Colliers hires Mike Davis as Managing Director for Occupier Services in the APAC region, the question of data centre sustainability, and new CEBR research proposes ESG-linked property value index",
99985405.people-moves-31012023,2023-01-31T09:54:46.692Z,true,2023-01-31T09:54:46.786Z,2023-01-31T09:54:46.786Z,newsletter,only_paid,People Moves: 31/01/2023,"Savills hires Director to support shopping and retail park portfolio, Convergence Partners closes $296m (£240m) to fund digital infrastructure in Africa, and KGAL appoints new Research lead",
99770824.people-moves-30012023,2023-01-30T10:50:32.688Z,true,2023-01-30T10:50:32.825Z,2023-01-30T10:50:32.825Z,newsletter,only_paid,People Moves: 30/01/2023,"Colliers appoints Raja Alameddine as CEO of Colliers MENA, Xpeng appoints Fengying Wang as President, and Cohen & Steers appoints John Moore as Head of Private Wealth Solutions",
99588363.news-and-insights-29012023,2023-01-29T11:30:26.428Z,true,2023-01-29T11:30:26.515Z,2023-01-29T11:30:26.515Z,newsletter,only_paid,News & Insights: 29/01/2023,"ICYMI - VivoPower appoints Eduardo Nebot to its Advisory Council, Sienna Investment Managers appoints Floris Van Maanen as CEO of Sienna Real Estate, and Levelling Up projects in Wales awarded £208m",
99223597.news-and-insights-27012023,2023-01-27T12:24:05.994Z,true,2023-01-27T12:24:06.134Z,2023-01-27T12:24:06.134Z,newsletter,only_paid,News & Insights: 27/01/2023,"ICYMI - Commercial property advisor Jones Lang LaSalle appoints Sandra Ludwig as Head of Retail Capital Markets EMEA, and private equity investor KKR to announce fourth quarter 2022 results next month",
99071992.news-and-insights-26012023,2023-01-26T10:56:59.057Z,true,2023-01-26T10:56:59.148Z,2023-01-26T10:56:59.148Z,newsletter,only_paid,News & Insights: 26/01/2023,"IFM appoints Deepa Bharadwaj to succeed Christian Seymour as Head of Infrastructure for Europe, CBRE tops MSCI Real Assets rankings, and Cohen & Steers publishes results for Q4'22 and 2022 year ended",
98928863.people-moves-25012023,2023-01-25T18:16:47.722Z,true,2023-01-25T18:16:47.858Z,2023-01-25T18:16:47.858Z,newsletter,only_paid,People Moves: 25/01/2023,"Nuveen Real Estate appoints Randy Giraldo as Head of Europe, and Landsec names Channel 4’s Sir Ian Cheshire as its Chair succeeding Cressida Hogg",
98612915.people-moves-24012023,2023-01-24T07:25:28.418Z,true,2023-01-24T07:25:28.498Z,2023-01-24T07:25:28.498Z,newsletter,only_paid,People Moves: 24/01/2023,ICYMI - Landsea Homes names Vince Ruffino new division President in Texas and Enerflex Ltd appoints TransAlta's Laura W. Folse to its Board of Directors,
97678162.people-moves-19012023,2023-01-19T12:22:06.408Z,true,2023-01-19T12:22:06.535Z,2023-01-19T12:22:06.535Z,newsletter,only_paid,People Moves: 19/01/2023,"ICYMI - Cushman & Wakefield welcomes Megan McGrath and announces her as Senior Vice President, Investor Relations, alongside two new CEO hires at Reactivate, and Climate Impact Partners, respectively",
97269093.people-moves-17012023,2023-01-17T15:00:44.213Z,true,2023-01-17T15:00:44.317Z,2023-01-17T15:00:44.317Z,newsletter,only_paid,People Moves: 17/01/2023,"Fiera Capital appoints Global Head of Real Estate, BlackRock Real Estate makes more senior leadership changes, and KKR commits to invest an additional $1.15 Billion in Aircraft leasing with Altavair",
96822768.people-moves-15012023,2023-01-15T08:45:40.415Z,true,2023-01-15T08:45:40.527Z,2023-01-15T08:45:40.527Z,newsletter,only_paid,People Moves: 15/01/2023,"CBRE IM appoints APAC and EMEA Heads of Research, Ahmed Galal Ismail appointed Chief Executive Officer of Majid Al Futtaim Holding, and EAIF commits EUR 25m to 44MW Hydropower Plant in Côte d’Ivoire",
96427895.news-and-insights-13012023,2023-01-13T08:45:03.441Z,true,2023-01-13T08:45:03.610Z,2023-01-13T08:45:03.610Z,newsletter,only_paid,News & Insights: 13/01/2023,"LGIM Real Assets expands in the United States; appoints executive leadership team, Ares Management raises $5bn in Infrastructure Debt Capital, and Commerz Real acquires 28.5MW wind farm in Finland",
96206738.people-moves-12012023,2023-01-12T08:00:19.772Z,true,2023-01-12T08:00:19.854Z,2023-01-12T08:00:19.854Z,newsletter,only_paid,People Moves: 12/01/2023,"MHA appoints Natwest Group's Hiten Sonpal as Head of Green Finance, and Janus Henderson launches new Global Property investment fund",
96003482.people-moves-11012023,2023-01-11T08:11:05.420Z,true,2023-01-11T08:11:05.515Z,2023-01-11T08:11:05.515Z,newsletter,only_paid,People Moves: 11/01/2023,"Colliers announces Luke Dawson as Global Capital Markets Lead, and M&G raises €578m for new European Property Fund",
95803367.people-moves-10012023,2023-01-10T09:46:58.380Z,true,2023-01-10T09:46:58.500Z,2023-01-10T09:46:58.500Z,newsletter,only_paid,People Moves: 10/01/2023,"Colliers appoints Managing Director for its Singapore office, Climate Impact Partners appoints Sheri Hickok as Chief Executive Officer, and Clearwater International appoints Greg Cant as Partner",
95580876.people-moves-09012023,2023-01-09T08:40:26.698Z,true,2023-01-09T08:40:26.792Z,2023-01-09T08:40:26.792Z,newsletter,only_paid,People Moves: 09/01/2023,"ICYMI - Vutility appoints Stephen Prince as President and Chief Executive Officer, Amro Partners appoints Senior Managing Director and Commerz Real appoints Nicole Arnold to its Management Board",
95408281.people-moves-08012023,2023-01-08T11:17:14.760Z,true,2023-01-08T11:17:14.858Z,2023-01-08T11:17:14.858Z,newsletter,only_paid,People Moves: 08/01/2023,"ICYMI - Thomas Charvet joins Greystar France alongside several new year senior appointments at Ares Management Corporation, HSBC Asset Management, Atkins, and Melcor Real Estate Investment Trust",
94964238.people-moves-06012023,2023-01-06T02:50:00.916Z,true,2023-01-06T02:50:01.032Z,2023-01-06T02:50:01.032Z,newsletter,only_paid,People Moves: 06/01/2023,"Savills Earth appoints Wesley Ankrah as Director of Social Value, Commerz Real appoints Nicole Arnold to its management board, and Greystar France appoints Thomas Charvet as Managing Director",
94810730.people-moves-05012023,2023-01-05T10:03:07.945Z,true,2023-01-05T10:03:08.042Z,2023-01-05T10:03:08.042Z,newsletter,only_paid,People Moves: 05/01/2023,Browne Jacobson appoints former KPMG senior partner as Non-Executive Director of its Energy & Infrastructure sector group,
94655053.people-moves-04012023,2023-01-04T16:00:48.243Z,true,2023-01-04T16:00:48.347Z,2023-01-04T16:00:48.347Z,newsletter,only_paid,People Moves: 04/01/2023,"Savills appoints Tim Boeters as Co-Head Leasing at Savills in the Netherlands, Digital Realty appoints Matt Mercier as Chief Financial Officer, and KKR makes new purchase of SK E&S’ shares",
94220776.people-moves-02012023,2023-01-02T11:38:09.784Z,true,2023-01-02T11:38:09.954Z,2023-01-02T11:38:09.954Z,newsletter,only_paid,People Moves: 02/01/2023,"Cushman & Wakefield Portugal appoints Ana Luisa Cabrita as Head of Sustainability, and Singapore's Ministry of Sustainability and the Environment appoints Chief Sustainability Officer",
93616336.people-moves-29122022,2022-12-29T20:46:40.375Z,true,2022-12-29T20:46:40.502Z,2022-12-29T20:46:40.502Z,newsletter,only_paid,People Moves: 29/12/2022,Green Power names veteran commercial vehicle specialist as Vice President of Sales. PwC and SAP launch ESG Innovation Strategy and Neoen signs 215MW Australian Power Purchase Agreement,
93410000.people-moves-28122022,2022-12-28T19:00:45.541Z,true,2022-12-28T19:00:45.705Z,2022-12-28T19:00:45.705Z,newsletter,only_paid,People Moves: 28/12/2022,"Europa Capital appoints Gwendal Kalkofen as its new Head of Real Estate Finance and South Korea's SK Inc. accomplishes the highest ESG rating of 'AAA' from ratings provider, MSCI Inc.",
92504849.news-and-insights-23122022,2022-12-23T16:00:42.976Z,true,2022-12-23T16:00:43.082Z,2022-12-23T16:00:43.082Z,newsletter,only_paid,News & Insights: 23/12/2022,"Opimas reveals that 100 of the largest ESG funds posted negative returns - with only one exception, and Schroders European Real Estate Investment Trust refinances EUR 14 million loan",
92306581.news-and-insights-22122022,2022-12-22T16:41:01.809Z,true,2022-12-22T16:41:01.916Z,2022-12-22T16:41:01.916Z,newsletter,only_paid,News & Insights: 22/12/2022,The Crown Estate appoints Cushman & Wakefield as Leisure and Hospitality Advisers across its London portfolio and PIF buys up to 9.5% stake in Skyborn; invests in 30% of Tabreed,
92037583.people-moves-21122022,2022-12-21T09:28:04.805Z,true,2022-12-21T09:28:04.878Z,2022-12-21T09:28:04.878Z,newsletter,only_paid,People Moves: 21/12/2022,"KKR announces 27 new promotions to the role of Managing Director, and former DWS Chief Sustainability Officer appointed to Financial Conduct Authority’s new ESG advisory group",
87543674.people-moves-29112022,2022-11-29T13:01:03.375Z,true,2022-11-29T13:01:03.478Z,2022-11-29T13:01:03.478Z,newsletter,only_paid,People Moves: 29/11/2022,People Moves: M&G Real Estate appoints Laura Jockers as Head of ESG,
86126135.people-moves-22112022,2022-11-22T10:41:51.173Z,true,2022-11-22T10:41:51.376Z,2022-11-22T10:41:51.376Z,newsletter,only_paid,People Moves: 22/11/2022,DWS appoints George Anastasiou as Head of Real Estate in Australia and ICYMI: Investec Real Estate targets larger transactions with three hires in newly formed Syndication team,
85891519.people-moves-21112022,2022-11-21T12:01:17.809Z,true,2022-11-21T12:01:18.061Z,2022-11-21T12:01:18.061Z,newsletter,only_paid,People Moves: 21/11/2022,Investec Real Estate targets larger transactions with three hires in newly formed Syndication team,
85331268.news-and-insights-18112022,2022-11-18T11:57:36.103Z,true,2022-11-18T11:57:36.482Z,2022-11-18T11:57:36.482Z,newsletter,only_paid,News & Insights: 18/11/2022,Colliers publishes its APAC Market Snapshot report for Q3 2022 and DBS and OCBC Bank support Perennial as green loan advisors,
83871008.people-moves-11112022,2022-11-11T08:33:56.897Z,true,2022-11-11T08:33:57.063Z,2022-11-11T08:33:57.063Z,newsletter,only_paid,People Moves: 11/11/2022,"M&G Real Estate appoints Head of Property Research in Asia, Energy Vault appoints Jan Kees van Gaalen as Chief Financial Officer, and Colliers appoints new Managing Director for APAC",
83269104.people-moves-08112022,2022-11-08T09:44:54.094Z,true,2022-11-08T09:44:54.249Z,2022-11-08T09:44:54.249Z,newsletter,only_paid,People Moves: 08/11/2022,"Cushman & Wakefield adds Powerhouse to Adelaide CRE team, DBS Bank & global partners sound clarion call to climate innovators developing solutions to address carbon dioxide & greenhouse gas removal",
83064116.people-moves-07112022,2022-11-07T09:41:59.851Z,true,2022-11-07T09:41:59.973Z,2022-11-07T09:41:59.973Z,newsletter,only_paid,People Moves: 07/11/2022,"Ben Younger joins Cushman & Wakefield WA as Joint Head of Capital Markets, and Hines, Cadillac Fairview announce AUD 1.5 Billion partnership to invest in the Australian Build-to-Rent sector",
82550952.people-moves-04112022,2022-11-04T15:39:29.963Z,true,2022-11-04T15:39:30.314Z,2022-11-04T15:39:30.314Z,newsletter,only_paid,People Moves: 04/11/2022,"Cushman & Wakefield appoints EMEA Sustainability Services Lead and Societe Generale releases Q3 financial results: profit down, revenues rise; stock up",
82310733.people-moves-03112022,2022-11-03T12:14:39.362Z,true,2022-11-03T12:14:39.480Z,2022-11-03T12:14:39.480Z,newsletter,only_paid,People Moves: 03/11/2022,"Manulife Investment Management's GRESB Real Estate and Infrastructure Assessment results showcase commitment to ESG integration, and new senior appointments at Vistra in the US and T-Corp in Australia",
82114274.people-moves-02112022,2022-11-02T12:58:29.604Z,true,2022-11-02T12:58:29.779Z,2022-11-02T12:58:29.779Z,newsletter,only_paid,People Moves: 02/11/2022,"Steve Jennings to spearhead new dedicated Real Estate practice for AmTrust, and Climate change specialist Tom Dearing joins Savills Environment and Infrastructure team",
81904500.people-moves-01112022,2022-11-01T11:45:50.360Z,true,2022-11-01T11:45:50.545Z,2022-11-01T11:45:50.545Z,newsletter,only_paid,People Moves: 01/11/2022,"Renewables Infrastructure Group appoints new Chair of Board, Cambridge & Counties Bank expands Midlands real estate team with two senior appointments, and HIG hires Alessio Lucentini from EQT",
81175340.news-and-insights-28102022,2022-10-28T11:48:41.201Z,true,2022-10-28T11:48:41.435Z,2022-10-28T11:48:41.435Z,newsletter,only_paid,News & Insights: 28/10/2022,"Abu Dhabi’s Aldar Properties posts 27% jump in Q3 net profit on booming sales, Agrarius establishes Africa's first JSE listed Sukuk, and Egypt's Paragon Real Estate Development appoints Savills Egypt",
80731884.people-moves-26102022,2022-10-26T08:40:30.978Z,true,2022-10-26T08:40:31.073Z,2022-10-26T08:40:31.073Z,newsletter,only_paid,People Moves: 26/10/2022,"Savills appoints Orla Coyle as Head of ESG in its Dublin office, NEPC appoints real estate industry veteran Shelley Santulli, and Nuveen repositions infrastructure fund towards decarbonisation",
80504451.news-and-insights-25102022,2022-10-25T06:48:18.894Z,true,2022-10-25T06:48:19.090Z,2022-10-25T06:48:19.090Z,newsletter,only_paid,News & Insights: 25/10/2022,DBS Bank's Joyce Tee discusses the challenges of approaching ESG as Singapore's largest SME lender and Rishi Sunak MP is appointed to succeed Liz Truss MP as Prime Minister of the United Kingdom,
79799361.people-moves-21102022,2022-10-21T14:47:28.178Z,true,2022-10-21T14:47:28.362Z,2022-10-21T14:47:28.362Z,newsletter,only_paid,People Moves: 21/10/2022,"Rightmove Plc appoints EQT's Johan Svanström to succeed Peter Brooks-Johnson as its new Chief Executive Officer, and Miguel López Puche joins Dunas Capital from Aq-Acentor as Head of Real Estate",
79520666.people-moves-20102022,2022-10-20T08:26:39.542Z,true,2022-10-20T08:26:39.809Z,2022-10-20T08:26:39.809Z,newsletter,only_paid,People Moves: 20/10/2022,"StepStone Real Estate welcomes Yasmine Uzmez as Managing Director for Business Development, and Africa's biggest bank arranges $306 Million ESG loan for Grit Real Estate",
79366066.people-moves-19102022,2022-10-19T13:48:41.320Z,true,2022-10-19T13:48:41.410Z,2022-10-19T13:48:41.410Z,newsletter,only_paid,People Moves: 19/10/2022,"BNP Paribas REIM UK appoints Munish Datta as Senior Independent Advisor in London, JLL appoints ANZ Head of Sustainability, and abrdn promotes Juan Guillermo Cediel-Cortés within Infrastructure",
79112300.people-moves-18102022,2022-10-18T07:21:23.687Z,true,2022-10-18T07:21:23.835Z,2022-10-18T07:21:23.835Z,newsletter,only_paid,People Moves: 18/10/2022,"Joseph Sumberg joins Galvanize Climate Solutions from Goldman Sachs, Knight Frank launches specialist leisure team headed up by John Rushby, and abrdn appoints new manager to lead Euro logistics fund",
78179850.people-moves-13102022,2022-10-13T12:28:12.041Z,true,2022-10-13T12:28:12.207Z,2022-10-13T12:28:12.207Z,newsletter,only_paid,People Moves: 13/10/2022,"17Capital announces 3 promotions across infrastructure, Goldman Sachs AM launches Paris-aligned Climate World Equity ETF, and Golding Capital enters impact market with €300m global private equity fund",
77960450.people-moves-12102022,2022-10-12T13:22:13.398Z,true,2022-10-12T13:22:13.511Z,2022-10-12T13:22:13.511Z,newsletter,only_paid,People Moves: 12/10/2022,"BNP Paribas Real Estate announces new Dutch CEO, Deutsche Bank's International Private Bank hires experienced WM exec as its incoming Head of APAC, and binance appoints new Director of ESG and RI",
77745856.people-moves-11102022,2022-10-11T10:11:43.625Z,true,2022-10-11T10:11:43.772Z,2022-10-11T10:11:43.772Z,newsletter,only_paid,People Moves: 11/10/2022,Zurich-based Thomas Lloyd Group welcomes Smita Nakhooda as Impact & ESG leader and Quintain's Catherine Webster joins PfP Capital as its incoming Chief Executive Officer,
77024166.people-moves-07102022,2022-10-07T13:18:06.706Z,true,2022-10-07T13:18:06.818Z,2022-10-07T13:18:06.818Z,newsletter,only_paid,People Moves: 07/10/2022,Catella Residential IM appoints Dr. Lars Vandrei as Senior Research Manager and M&G's Property Portfolio appoints Michael Wood as new Fund Manager to succeed Justin Upton,
76847843.people-moves-06102022,2022-10-06T15:37:12.867Z,true,2022-10-06T15:37:12.990Z,2022-10-06T15:37:12.990Z,newsletter,only_paid,People Moves: 06/10/2022,"Alexandre de Vaivre joins PAREF as Head of Capital Markets, QuadReal appoints Juliet Cha from CBRE IM as APAC Research Lead and SC welcomes Theodore Sheen from BNP as Head of Clean Tech in Americas",
76562078.people-moves-05102022,2022-10-05T08:00:15.286Z,true,2022-10-05T08:00:15.393Z,2022-10-05T08:00:15.393Z,newsletter,only_paid,People Moves: 05/10/2022,SMBC appoints Priya Bellino from EY as Head of ESG Solutions in APAC and capital markets expert Guy Bennett joins Cushman & Wakefield in South Australia from Knight Frank,
76395405.people-moves-04102022,2022-10-04T10:05:04.025Z,true,2022-10-04T10:05:04.576Z,2022-10-04T10:05:04.576Z,newsletter,only_paid,People Moves: 04/10/2022,Frontier Energy in Australia welcomes hydrogen expert Sam Lee Mohan as its new Managing Director and Jones Lang LaSalle hires two new Real Estate IB executives for its Capital Markets team in Madrid,
75745650.people-moves-30092022,2022-09-30T10:31:23.154Z,true,2022-09-30T10:31:23.405Z,2022-09-30T10:31:23.405Z,newsletter,only_paid,People Moves: 30/09/2022,"JLL welcomes Erin Meezan as CSO, REsustain Co-founder Andrea Rossi joins advisor M&G as its new Chief Executive, and Colliers appoints Thomas Chak, Stanley Wong as capital market leaders in Hong Kong ",
75536346.people-moves-29092022,2022-09-29T08:33:40.138Z,true,2022-09-29T08:33:40.296Z,2022-09-29T08:33:40.296Z,newsletter,only_paid,People Moves: 29/09/2022,"Alexander Thams joins KKR's European Real Estate team as Head of Nordics, and JLL appoints Erin Meezan as Chief Sustainability Officer, succeeding current CSO, Richard Batten",
75383986.people-moves-28092022,2022-09-28T11:37:34.762Z,true,2022-09-28T11:37:34.938Z,2022-09-28T11:37:34.938Z,newsletter,only_paid,People Moves: 28/09/2022,John Lamb announces his imminent departure from BlackRock's U.S. real estate business in November and Natixis IM announces the appointment of Dora Seow as new CEO of its Singapore branch,
75209364.people-moves-27092022,2022-09-27T12:11:16.304Z,true,2022-09-27T12:11:16.583Z,2022-09-27T12:11:16.583Z,newsletter,only_paid,People Moves: 27/09/2022,"Tri7 appoints Dan Green as Partner amid £250m spend capacity, Barclays to launch new sustainable residential development framework and Mirova launches pair of Article 9 bond funds",
75044131.people-moves-26092022,2022-09-26T14:34:48.820Z,true,2022-09-26T14:34:49.020Z,2022-09-26T14:34:49.020Z,newsletter,only_paid,People Moves: 26/09/2022,"Aon announces Luise O'Gorman as Global Head of ESG Transaction Advisory, C&W appoints David Gingell and Acardis appoints three senior Sustainability hires",
74557439.people-moves-23092022,2022-09-23T10:17:45.784Z,true,2022-09-23T10:17:46.187Z,2022-09-23T10:17:46.187Z,newsletter,only_paid,People Moves: 23/09/2022,"Schroders appoints Peter Lowe as Real Estate Fund Manager, Avangrid consolidates its renewables business and Magnolia Oil & Gas appoints new CEO as Stephen Chazen steps down for health reasons",
74361684.people-moves-22092022,2022-09-22T08:09:14.240Z,true,2022-09-22T08:09:14.367Z,2022-09-22T08:09:14.367Z,newsletter,only_paid,People Moves: 22/09/2022,State Street appoints Amani Boros as Head of ESG and Macquarie Asset Management poaches EMEA Infrastructure Lead,
74199067.people-moves-21092022,2022-09-21T09:28:07.375Z,true,2022-09-21T09:28:07.492Z,2022-09-21T09:28:07.492Z,newsletter,only_paid,People Moves: 21/09/2022,Barclays appoints Marie Freier as Co-Head of Sustainable Investment Banking and Edmond de Rothschild appoints new European Small & Mid Cap Equities Portfolio Manager,
74075035.people-moves-20092022,2022-09-20T11:01:14.848Z,true,2022-09-20T11:01:15.133Z,2022-09-20T11:01:15.133Z,newsletter,only_paid,People Moves: 20/09/2022,Arjun Infrastructure appoints Rhyadd Keaney-Watkins as Head of ESG and Thomas D. Smitham has been appointed as Chief of Leonardo's US Business Development Organizational Unit,
73585555.people-moves-16092022,2022-09-16T10:16:59.180Z,true,2022-09-16T10:16:59.581Z,2022-09-16T10:16:59.581Z,newsletter,only_paid,People Moves: 16/09/2022,JLL appoints Helen Amos as Head of Sustainability in Hong Kong and Avison Young makes two EMEA appointments across ESG Consultancy Services,
73447529.people-moves-15092022,2022-09-15T09:28:28.432Z,true,2022-09-15T09:28:28.675Z,2022-09-15T09:28:28.675Z,newsletter,only_paid,People Moves: 15/09/2022,"Shell CEO to step down, Cohen & Steers appoints Richard Hill as Head of Real Estate Strategy, reAlpha appoints Jorge Aldecoa as President and PurpleBricks unveils two new senior board appointments",
73308502.people-moves-14092022,2022-09-14T11:12:54.886Z,true,2022-09-14T11:12:55.050Z,2022-09-14T11:12:55.050Z,newsletter,only_paid,People Moves: 14/09/2022,"McCullough Robertson elects Kristan Conlon as its new Chair of Partners, Boreal IM appoints Nikos Koulouras as Partner and Energy Impact Partners announces the launch of its latest EUR €390m fund",
73135288.people-moves-13092022,2022-09-13T11:11:26.092Z,true,2022-09-13T11:11:26.232Z,2022-09-13T11:11:26.232Z,newsletter,only_paid,People Moves: 13/09/2022,DBS publishes new landmark decarbonisation targets and CN adds Innergex Renewables CEO Michel Letellier to its Board of Directors,
72980537.people-moves-12092022,2022-09-12T11:22:24.491Z,true,2022-09-12T11:22:24.592Z,2022-09-12T11:22:24.592Z,newsletter,only_paid,People Moves: 12/09/2022,"Colliers appoints Henry Lam as Capital Markets Executive in Hong Kong, JLL appoints Alsulaimani as Country Head of Saudi Arabia and Aermont raises €3.8bn for fifth European real estate fund",
72555572.people-moves-09092022,2022-09-09T12:11:02.801Z,true,2022-09-09T12:11:02.932Z,2022-09-09T12:11:02.932Z,newsletter,only_paid,People Moves: 09/09/2022,"Queen Elizabeth II has died, aged 96 and OMERS Private Equity appoints Helen Rattee as Managing Director of ESG",
72399369.people-moves-08092022,2022-09-08T14:39:14.775Z,true,2022-09-08T14:39:14.892Z,2022-09-08T14:39:14.892Z,newsletter,only_paid,People Moves: 08/09/2022,Jones Lang LaSalle introduces new international ESG team and Igneo Infrastructure appoints Michael Ryder as Co-Head of the firm's North American business,
72230325.people-moves-07092022,2022-09-07T12:12:23.102Z,true,2022-09-07T12:12:23.215Z,2022-09-07T12:12:23.215Z,newsletter,only_paid,People Moves: 07/09/2022,"New senior appointments at Barclays and HSBC AM across Real Assets, Private Credit and Sustainable Finance",
72059006.people-moves-06092022,2022-09-06T09:18:28.041Z,true,2022-09-06T09:18:28.157Z,2022-09-06T09:18:28.157Z,newsletter,only_paid,People Moves: 06/09/2022,Deutsche Bank’s Chief Investment Office appoints CIO EMEA and Nordea Asset Management launches real asset ESG fund,
71492006.people-moves-02092022,2022-09-02T11:39:45.671Z,true,2022-09-02T11:39:45.834Z,2022-09-02T11:39:45.834Z,newsletter,only_paid,People Moves: 02/09/2022,KGAL Real Investments appoints Michael Kohl as Head of Open Investment Funds,
71331639.people-moves-01092022,2022-09-01T13:18:15.118Z,true,2022-09-01T13:18:15.445Z,2022-09-01T13:18:15.445Z,newsletter,only_paid,People Moves: 01/09/2022,Bank of America expands global ESG Advisory business with multiple hires and Swiss Life Asset Managers launches 2nd €750 million clean energy fund,
71190310.people-moves-31082022,2022-08-31T14:38:29.152Z,true,2022-08-31T14:38:29.269Z,2022-08-31T14:38:29.269Z,newsletter,only_paid,People Moves: 31/08/2022,BlackRock appoints Elaine Wu as APAC Head of Sustainable Investing and David Krancenblum joins KKR as Head of France for Credit & Markets,
71010373.people-moves-30082022,2022-08-30T10:11:55.111Z,true,2022-08-30T10:11:55.237Z,2022-08-30T10:11:55.237Z,newsletter,only_paid,People Moves: 30/08/2022,Farhaz Miah of Hines joins QuadReal as European Research Lead,
70432568.people-moves-26082022,2022-08-26T11:07:19.948Z,true,2022-08-26T11:07:20.893Z,2022-08-26T11:07:20.893Z,newsletter,only_paid,People Moves: 26/08/2022,Europa Capital appoints Chris Miller-Jones as incoming ESG Director,
70271664.people-moves-25082022,2022-08-25T11:00:36.505Z,true,2022-08-25T11:00:36.761Z,2022-08-25T11:00:36.761Z,newsletter,only_paid,People Moves: 25/08/2022,Savills Earth appoints Daniel Richardson and RAK Properties appoints new CEO,
70111829.people-moves-24082022,2022-08-24T10:49:07.053Z,true,2022-08-24T10:49:07.230Z,2022-08-24T10:49:07.230Z,newsletter,only_paid,People Moves: 24/08/2022,"Slate AM appoints Jeff Rodgers, Barings completes $630m funding for first-ever infrastructure debt fund and KKR leads investment in Arevia Power",
69950217.people-moves-23082022,2022-08-23T09:01:19.374Z,true,2022-08-23T09:01:19.547Z,2022-08-23T09:01:19.547Z,newsletter,only_paid,People Moves: 23/08/2022,Steele Raymond welcomes new partner to commercial property team,
69792647.people-moves-22082022,2022-08-22T10:27:23.691Z,true,2022-08-22T10:27:23.854Z,2022-08-22T10:27:23.854Z,newsletter,only_paid,People Moves: 22/08/2022,"C&W appoints Mark Hansen to a newly created role and Credit Suisse welcomes Tim Foy as Head of Infrastructure, Australia",
69353839.people-moves-19082022,2022-08-19T08:57:29.944Z,true,2022-08-19T08:57:30.072Z,2022-08-19T08:57:30.072Z,newsletter,only_paid,People Moves: 19/08/2022,Teneo appoints Mark Watson as Head of ESG Advisory for the Asia-Pacific region,
69220259.people-moves-18082022,2022-08-18T11:43:35.441Z,true,2022-08-18T11:43:35.574Z,2022-08-18T11:43:35.574Z,newsletter,only_paid,People Moves: 18/08/2022,Greece’s SWF appoints ESG advisers to build value in public assets,
69046763.people-moves-17082022,2022-08-17T09:58:15.443Z,true,2022-08-17T09:58:15.698Z,2022-08-17T09:58:15.698Z,newsletter,only_paid,People Moves: 17/08/2022,Abrdn appoints Fionna Ross to lead new Sustainability Institute in the Americas as Greystone poaches Clive Lipshitz from Tradewind Interstate Advisors,
68888730.people-moves-16082022,2022-08-16T08:52:29.802Z,true,2022-08-16T08:52:29.915Z,2022-08-16T08:52:29.915Z,newsletter,only_paid,People Moves: 16/08/2022,New hires at Nuveen and Tiger Infrastructure as UK jobs market report is published,
67738399.people-moves-08082022,2022-08-08T15:10:38.847Z,true,2022-08-08T15:10:38.989Z,2022-08-08T15:10:38.989Z,newsletter,only_paid,People Moves: 08/08/2022,RSM UK appoints Tom Proverbs-Garbett as Associate Director in Birmingham,
67115682.people-moves-04082022,2022-08-04T09:05:39.364Z,true,2022-08-04T09:05:39.504Z,2022-08-04T09:05:39.504Z,newsletter,only_paid,People Moves: 04/08/2022,Knight Frank adds new Partner to growing Project & Building Consultancy team,
67000921.people-moves-03082022,2022-08-03T14:54:47.388Z,true,2022-08-03T14:54:47.515Z,2022-08-03T14:54:47.515Z,newsletter,only_paid,People Moves: 03/08/2022,Savills Earth appoints Dr Kat Martindale as Head of ESG Research,
66821502.people-moves-02082022,2022-08-02T12:31:48.776Z,true,2022-08-02T12:31:48.928Z,2022-08-02T12:31:48.928Z,newsletter,only_paid,People Moves: 02/08/2022,BNP Paribas welcomes Tanisha Krishnan as Associate Director for Workplace Strategy,
66624772.people-moves-01082022,2022-08-01T06:36:31.047Z,true,2022-08-01T06:36:31.157Z,2022-08-01T06:36:31.157Z,newsletter,only_paid,People Moves: 01/08/2022,"Cushman & Wakefield appoints Rosanna Tang as Head of Business Development Services, Hong Kong",
66045623.people-moves-28072022,2022-07-28T08:02:08.503Z,true,2022-07-28T08:02:08.623Z,2022-07-28T08:02:08.623Z,newsletter,only_paid,People Moves: 28/07/2022,Credit Suisse appoints Ulrich Körner as Group CEO; Conducts Strategic Review,
65934989.people-moves-27072022,2022-07-27T14:44:40.298Z,true,2022-07-27T14:44:40.428Z,2022-07-27T14:44:40.428Z,newsletter,only_paid,People Moves: 27/07/2022,Knight Frank welcomes Joe Warren from MITIE as latest ESG hire,
65727557.people-moves-26072022,2022-07-26T07:29:50.555Z,true,2022-07-26T07:29:50.653Z,2022-07-26T07:29:50.653Z,newsletter,only_paid,People Moves: 26/07/2022,Indosuez hires Anne Toledano as Global Head of Real Estate,
65617244.people-moves-25072022,2022-07-25T13:32:16.687Z,true,2022-07-25T13:32:16.823Z,2022-07-25T13:32:16.823Z,newsletter,only_paid,People Moves: 25/07/2022,AXA IM Alts welcomes Paul Jeffries as Senior Sales Manager within its UK Client Group,
65187326.people-moves-22072022,2022-07-22T11:34:41.482Z,true,2022-07-22T11:34:42.740Z,2022-07-22T11:34:42.740Z,newsletter,only_paid,People Moves: 22/07/2022,The Crown Estate appoints Anne Kavanagh and Clare Shine to its Board,
65026032.people-moves-21072022,2022-07-21T09:32:47.355Z,true,2022-07-21T09:32:47.491Z,2022-07-21T09:32:47.491Z,newsletter,only_paid,People Moves: 21/07/2022,Deutsche Bank promotes Jörg Eigendorf to Chief Sustainability Officer,
64733723.people-moves-19072022,2022-07-19T09:31:13.470Z,true,2022-07-19T09:31:13.600Z,2022-07-19T09:31:13.600Z,newsletter,only_paid,People Moves: 19/07/2022,UKAA Investor Lender Forum appoints Apache Capital’s Ashley Perry as Vice-Chair,
64585500.people-moves-18072022,2022-07-18T08:41:29.209Z,true,2022-07-18T08:41:29.321Z,2022-07-18T08:41:29.321Z,newsletter,only_paid,People Moves: 18/07/2022,Grosvenor recruits Ashleigh Simpson as SVP from MetLife Investment Management,
64170338.people-moves-15072022,2022-07-15T10:12:00.353Z,true,2022-07-15T10:12:00.680Z,2022-07-15T10:12:00.680Z,newsletter,only_paid,People Moves: 15/07/2022,AXA Investment Managers appoints two new ESG hires in its global RI team,
64013261.people-moves-14072022,2022-07-14T09:58:33.252Z,true,2022-07-14T09:58:33.389Z,2022-07-14T09:58:33.389Z,newsletter,only_paid,People Moves: 14/07/2022,Henley recruits Rodrigo Mansur from Tishman Speyer as US Investment Director,
63860022.people-moves-13072022,2022-07-13T10:31:55.202Z,true,2022-07-13T10:31:55.560Z,2022-07-13T10:31:55.560Z,newsletter,only_paid,People Moves: 13/07/2022,LBO France appoints Stanislas de Kertanguy as Head of ESG,
63718725.people-moves-12072022,2022-07-12T13:00:45.892Z,true,2022-07-12T13:00:45.990Z,2022-07-12T13:00:45.990Z,newsletter,only_paid,People Moves: 12/07/2022,Seven new hires bolster Knight Frank’s Project & Building Consultancy team,
63565376.people-moves-11072022,2022-07-11T14:32:38.007Z,true,2022-07-11T14:32:38.131Z,2022-07-11T14:32:38.131Z,newsletter,only_paid,People Moves: 11/07/2022,Turner & Townsend appoints new Real Estate leaders in Gulf region,
63103853.people-moves-08072022,2022-07-08T09:46:52.164Z,true,2022-07-08T09:46:52.744Z,2022-07-08T09:46:52.744Z,newsletter,only_paid,People Moves: 08/07/2022,Immobel Capital Partners hires Melinda Knatchbull from Schroders Real Estate as CFO,
62932598.people-moves-07072022,2022-07-07T07:10:18.398Z,true,2022-07-07T07:10:18.518Z,2022-07-07T07:10:18.518Z,newsletter,only_paid,People Moves: 07/07/2022,Knight Frank appoints Colliers' Jonathan Wright as Senior Director in Hong Kong,
62818810.people-moves-06072022,2022-07-06T14:08:28.060Z,true,2022-07-06T14:08:28.168Z,2022-07-06T14:08:28.168Z,newsletter,only_paid,People Moves: 06/07/2022,Matter Real Estate and GCM Grosvenor confirm £140m equity refinancing of Placefirst,
62669823.people-moves-05072022,2022-07-05T14:49:29.857Z,true,2022-07-05T14:49:30.000Z,2022-07-05T14:49:30.000Z,newsletter,only_paid,People Moves: 05/07/2022,Downing LLP appoints R&M's Roger Lewis as Head of ESG,
62493139.people-moves-04072022,2022-07-04T12:11:44.984Z,true,2022-07-04T12:11:45.149Z,2022-07-04T12:11:45.149Z,newsletter,only_paid,People Moves: 04/07/2022,Credit Suisse recruits from UBS for Sustainability Risk role in Zurich,
62038289.people-moves-01072022,2022-07-01T11:38:48.460Z,true,2022-07-01T11:38:48.549Z,2022-07-01T11:38:48.549Z,newsletter,only_paid,People Moves: 01/07/2022,Deutsche Bank appoints Markus Müller as ESG Chief Investment Officer,
61908515.people-moves-30062022,2022-06-30T16:28:58.438Z,true,2022-06-30T16:28:58.646Z,2022-06-30T16:28:58.646Z,newsletter,only_paid,People Moves: 30/06/2022,EY recruits Matt Bell as latest hire across sustainability,
61702555.people-moves-29062022,2022-06-29T11:00:26.256Z,true,2022-06-29T11:00:26.374Z,2022-06-29T11:00:26.374Z,newsletter,only_paid,People Moves: 29/06/2022,"ICYMI - JLL MENA appoints Real Estate veteran David Duke as Head of Residential, KSA",
61516638.people-moves-28062022,2022-06-28T10:54:26.977Z,true,2022-06-28T10:54:27.111Z,2022-06-28T10:54:27.111Z,newsletter,only_paid,People Moves: 28/06/2022,"JLL MENA appoints Real Estate veteran David Duke as Head of Residential, KSA",
61332080.people-moves-27062022,2022-06-27T12:27:43.862Z,true,2022-06-27T12:27:43.935Z,2022-06-27T12:27:43.935Z,newsletter,only_paid,People Moves: 27/06/2022,ICYMI - CBRE IM appoints Steven Storrs as Head of Portfolio Management,
60894969.people-moves-24062022,2022-06-24T09:45:36.250Z,true,2022-06-24T09:45:36.322Z,2022-06-24T09:45:36.322Z,newsletter,only_paid,People Moves: 24/06/2022,Savills adds ESG expert in North America as two new recruits join Barings,
60724887.people-moves-23062022,2022-06-23T07:36:45.527Z,true,2022-06-23T07:36:46.134Z,2022-06-23T07:36:46.134Z,newsletter,only_paid,People Moves: 23/06/2022,RenewableUK hires Jane Cooper from Ørsted and Schroders appoints Chris Santer,
60585082.people-moves-22062022,2022-06-22T09:29:54.987Z,true,2022-06-22T09:29:55.222Z,2022-06-22T09:29:55.222Z,newsletter,only_paid,People Moves: 22/06/2022,JLL’s PAM team appointed to manage 40 Leadenhall Street,
60432699.people-moves-21062022,2022-06-21T10:18:42.898Z,true,2022-06-21T10:18:42.965Z,2022-06-21T10:18:42.965Z,newsletter,only_paid,People Moves: 21/06/2022,CBRE acquires Green Soluce SAS whilst EnQuest's Martin Houston to step down,
60283558.people-moves-20062022,2022-06-20T10:26:07.883Z,true,2022-06-20T10:26:07.939Z,2022-06-20T10:26:07.939Z,newsletter,only_paid,People Moves: 20/06/2022,Cushman & Wakefield appoints Sam Alexander as Senior Investment Executive,
59877018.people-moves-17062022,2022-06-17T11:12:15.783Z,true,2022-06-17T11:12:15.848Z,2022-06-17T11:12:15.848Z,newsletter,only_paid,People Moves: 17/06/2022,UBS AM hires Andrew Morris from CPP & BlackRock launches Perpetual Strategy,
59731784.people-moves-16062022-,2022-06-16T12:33:53.262Z,true,2022-06-16T12:33:53.338Z,2022-06-16T12:33:53.338Z,newsletter,only_paid,People Moves: 16/06/2022,Fiera Real Estate appoints Charles Allen as UK CEO,
59574459.people-moves-15062022-,2022-06-15T10:53:04.209Z,true,2022-06-15T10:53:04.269Z,2022-06-15T10:53:04.269Z,newsletter,only_paid,People Moves: 15/06/2022,Urban&Civic appoints Richard Quartermaine as Head of Sustainability,
59412211.people-moves-14062022-,2022-06-14T09:27:35.951Z,true,2022-06-14T09:27:36.018Z,2022-06-14T09:27:36.018Z,newsletter,only_paid,People Moves: 14/06/2022,Greystar Real Estate appoints Cope Willis as Managing Director of Sustainability,
59266827.people-moves-13062022-,2022-06-13T11:16:01.824Z,true,2022-06-13T11:16:01.877Z,2022-06-13T11:16:01.877Z,newsletter,only_paid,People Moves: 13/06/2022,Savills grows Sustainability and Energy division with Perth appointment,
58848253.people-moves-10062022-,2022-06-10T12:28:24.971Z,true,2022-06-10T12:28:25.085Z,2022-06-10T12:28:25.085Z,newsletter,only_paid,People Moves: 10/06/2022,BNP Paribas Real Estate appoints Andrew Screen as Head of Residential Capital Markets,
58693632.people-moves-09062022-,2022-06-09T11:12:33.664Z,true,2022-06-09T11:12:33.726Z,2022-06-09T11:12:33.726Z,newsletter,only_paid,People Moves: 09/06/2022,CBRE Real Estate appoints New Canberra Managing Director,
58579081.people-moves-08062022,2022-06-08T16:41:57.844Z,true,2022-06-08T16:41:58.175Z,2022-06-08T16:41:58.175Z,newsletter,only_paid,People Moves: 08/06/2022,Savannah Energy appoints Nick Beattie as Chief Financial Officer,
58375285.people-moves-07062022-,2022-06-07T09:35:43.711Z,true,2022-06-07T09:35:43.798Z,2022-06-07T09:35:43.798Z,newsletter,only_paid,People Moves: 07/06/2022,Delancey announces Martin Farinola as Head of Real Estate Debt Strategies,
58214268.people-moves-06062022,2022-06-06T09:41:56.569Z,true,2022-06-06T09:41:56.688Z,2022-06-06T09:41:56.688Z,newsletter,only_paid,People Moves: 06/06/2022,"DBS Bank recruits Dr. Ben Caldecott, Director of Oxford Sustainability Finance Group",
57701692.people-moves-03062022,2022-06-03T08:28:51.722Z,true,2022-06-03T08:28:51.922Z,2022-06-03T08:28:51.922Z,newsletter,only_paid,People Moves: 03/06/2022,Nasdaq to acquire ESG software provider Metrio,
57538474.people-moves-01062022,2022-06-01T16:22:20.564Z,true,2022-06-01T16:22:20.652Z,2022-06-01T16:22:20.652Z,newsletter,only_paid,People Moves: 01/06/2022,Churchill appoints Weatherston as Head of Sustainability and ESG Integration,
57368919.people-moves-31052022,2022-05-31T15:27:18.041Z,true,2022-05-31T15:27:18.112Z,2022-05-31T15:27:18.112Z,newsletter,only_paid,People Moves: 31/05/2022,"Global infrastructure investor, Actis, appoints Yu Serizawa as Strategic Advisor",
57217718.people-moves-30052022,2022-05-30T15:00:38.967Z,true,2022-05-30T15:00:39.028Z,2022-05-30T15:00:39.028Z,newsletter,only_paid,People Moves: 30/05/2022,KPMG bolsters ESG offering with new Partner appointment,
56732557.people-moves-27052022,2022-05-27T02:25:31.273Z,true,2022-05-27T02:25:31.357Z,2022-05-27T02:25:31.357Z,newsletter,only_paid,People Moves: 27/05/2022,New appointments at Prudential and Manulife as Sunak approves 25% windfall tax,
56611616.people-moves-26052022,2022-05-26T07:42:02.572Z,true,2022-05-26T07:42:02.648Z,2022-05-26T07:42:02.648Z,newsletter,only_paid,People Moves: 26/05/2022,ICG appoints Elsa Palanza as Global Head of ESG,
56517682.people-moves-25052022,2022-05-25T15:28:24.729Z,true,2022-05-25T15:28:24.794Z,2022-05-25T15:28:24.794Z,newsletter,only_paid,People Moves: 25/05/2022,Marsh McLennan names new Climate and Sustainability Director,
56328113.people-moves-24052022,2022-05-24T08:38:13.285Z,true,2022-05-24T08:38:13.377Z,2022-05-24T08:38:13.377Z,newsletter,only_paid,People Moves: 24/05/2022,Urban Land Institute appoints new APAC Director for ESG & Decarbonisation,
56178525.people-moves-23052022,2022-05-23T08:05:02.870Z,true,2022-05-23T08:05:02.965Z,2022-05-23T08:05:02.965Z,newsletter,only_paid,People Moves: 23/05/2022,T. Rowe Price has named Poppy Allonby as its new investment and ESG leader,
55764348.people-moves-20052022,2022-05-20T13:59:12.649Z,true,2022-05-20T13:59:12.746Z,2022-05-20T13:59:12.746Z,newsletter,only_paid,People Moves: 20/05/2022,Industry expert joins Colliers from JLL to drive ESG delivery,
55597406.people-moves-19052022,2022-05-19T11:54:57.994Z,true,2022-05-19T11:54:58.139Z,2022-05-19T11:54:58.139Z,newsletter,only_paid,People Moves: 19/05/2022,Emilie Mazzacurati departs as Moody's Global Head of Climate Solutions,
55442491.people-moves-18052022,2022-05-18T10:17:26.676Z,true,2022-05-18T10:17:26.743Z,2022-05-18T10:17:26.743Z,newsletter,only_paid,People Moves: 18/05/2022,Carlyle Group appoints Avik Dey to its new Integrated Platform,
55289818.people-moves-17052022,2022-05-17T10:19:19.082Z,true,2022-05-17T10:19:19.195Z,2022-05-17T10:19:19.195Z,newsletter,only_paid,People Moves: 17/05/2022,Real estate firm Nuveen launches global impact investing arm,
55127539.people-moves-16052022,2022-05-16T10:01:04.201Z,true,2022-05-16T10:01:04.279Z,2022-05-16T10:01:04.279Z,newsletter,only_paid,People Moves: 16/05/2022,Azure Power appoints Delphine Voeltzel as Director from OMERS Infrastructure,
54734582.people-moves-13052022,2022-05-13T11:00:25.659Z,true,2022-05-13T11:00:25.856Z,2022-05-13T11:00:25.856Z,newsletter,only_paid,People Moves: 13/05/2022,Engineering giant Cundall recruits for Asia-Pacific ESG position,
54588574.people-moves-12052022,2022-05-12T10:30:09.003Z,true,2022-05-12T10:30:09.128Z,2022-05-12T10:30:09.128Z,newsletter,only_paid,People Moves: 12/05/2022,Climate-focused sovereign debt fund launched at Pictet Asset Management ,
54467416.people-moves-11052022,2022-05-11T15:44:59.468Z,true,2022-05-11T15:44:59.546Z,2022-05-11T15:44:59.546Z,newsletter,only_paid,People Moves: 11/05/2022,ESG insights from PwC as Hank Paulson's TPG closes its $7.3B climate fund,
54347363.people-moves-10052022,2022-05-10T21:28:05.447Z,true,2022-05-10T21:28:05.555Z,2022-05-10T21:28:05.555Z,newsletter,only_paid,People Moves: 10/05/2022,Amundi names trio of hires across ESG and advocacy,
53882739.coming-soon,2022-05-07T15:01:45.807Z,true,2022-05-07T15:01:45.807Z,2022-05-07T15:01:45.807Z,newsletter,only_paid,Welcome to our new look newsletter!,Covering everything from ESG appointments in energy to recent sustainability news,
